chunk_size,chunk_overlap,fragmentos,estrategia,hit@1,hit@2,hit@3,hit@5,mrr@5
1500,300,42,densa,0.34,0.56,0.62,0.7,0.489
1500,300,42,bm25,0.64,0.78,0.82,0.88,0.7373
1500,300,42,hibrida,0.5,0.68,0.82,0.94,0.6657
1500,300,42,hibrida+mmarco-mMiniLMv2-L12-H384-v1,0.72,0.9,0.94,0.96,0.8283
1000,200,64,densa,0.36,0.62,0.68,0.74,0.525
1000,200,64,bm25,0.56,0.62,0.74,0.8,0.643
1000,200,64,hibrida,0.48,0.62,0.78,0.84,0.6183
1000,200,64,hibrida+mmarco-mMiniLMv2-L12-H384-v1,0.56,0.82,0.92,0.96,0.7333
800,160,89,densa,0.42,0.52,0.6,0.66,0.5107
800,160,89,bm25,0.56,0.7,0.76,0.78,0.654
800,160,89,hibrida,0.42,0.58,0.72,0.8,0.5657
800,160,89,hibrida+mmarco-mMiniLMv2-L12-H384-v1,0.6,0.8,0.92,0.96,0.748
700,140,104,densa,0.34,0.46,0.58,0.68,0.463
700,140,104,bm25,0.54,0.62,0.74,0.76,0.624
700,140,104,hibrida,0.4,0.54,0.6,0.74,0.521
700,140,104,hibrida+mmarco-mMiniLMv2-L12-H384-v1,0.6,0.84,0.92,0.94,0.7507
600,120,120,densa,0.34,0.52,0.64,0.78,0.503
600,120,120,bm25,0.58,0.62,0.7,0.7,0.6267
600,120,120,hibrida,0.4,0.54,0.6,0.82,0.539
600,120,120,hibrida+mmarco-mMiniLMv2-L12-H384-v1,0.54,0.74,0.86,0.94,0.698
